PIDN,Ca,P,pH,SOC,Sand
09gt9UK5,0.024265722986602876,0.0024452390393052545,-0.018914799432530695,0.08663794145073998,-0.03327147705823908
0BVvxJ6a,0.024265722986602876,0.0024452390393052545,-0.018914799432530695,0.08663794145073998,-0.03327147705823908
0KbdgApg,0.024265722986602876,0.0024452390393052545,-0.018914799432530695,0.08663794145073998,-0.03327147705823908
0MnuuduB,0.024265722986602876,0.0024452390393052545,-0.018914799432530695,0.08663794145073998,-0.03327147705823908
0PcIsF9z,0.024265722986602876,0.0024452390393052545,-0.018914799432530695,0.08663794145073998,-0.03327147705823908
0ShTFLYJ,0.024265722986602876,0.0024452390393052545,-0.018914799432530695,0.08663794145073998,-0.03327147705823908
0XZh9jka,0.024265722986602876,0.0024452390393052545,-0.018914799432530695,0.08663794145073998,-0.03327147705823908
0Y7Wegri,0.024265722986602876,0.0024452390393052545,-0.018914799432530695,0.08663794145073998,-0.03327147705823908
0dTqplIM,0.024265722986602876,0.0024452390393052545,-0.018914799432530695,0.08663794145073998,-0.03327147705823908
0lNiZicC,0.024265722986602876,0.0024452390393052545,-0.018914799432530695,0.08663794145073998,-0.03327147705823908
0rGeJ0QN,0.024265722986602876,0.0024452390393052545,-0.018914799432530695,0.08663794145073998,-0.03327147705823908
0sXI9ytQ,0.024265722986602876,0.0024452390393052545,-0.018914799432530695,0.08663794145073998,-0.03327147705823908
0ukt4aP6,0.024265722986602876,0.0024452390393052545,-0.018914799432530695,0.08663794145073998,-0.03327147705823908
1AGspb8f,0.024265722986602876,0.0024452390393052545,-0.018914799432530695,0.08663794145073998,-0.03327147705823908
1Csy0gvE,0.024265722986602876,0.0024452390393052545,-0.018914799432530695,0.08663794145073998,-0.03327147705823908
1Ic2hly1,0.024265722986602876,0.0024452390393052545,-0.018914799432530695,0.08663794145073998,-0.03327147705823908
1PPbaTwt,0.024265722986602876,0.0024452390393052545,-0.018914799432530695,0.08663794145073998,-0.03327147705823908
1SO5VJNy,0.024265722986602876,0.0024452390393052545,-0.018914799432530695,0.08663794145073998,-0.03327147705823908
1arHxK3Y,0.024265722986602876,0.0024452390393052545,-0.018914799432530695,0.08663794145073998,-0.03327147705823908
1fCW4Bba,0.024265722986602876,0.0024452390393052545,-0.018914799432530695,0.08663794145073998,-0.03327147705823908
1qDZNvIm,0.024265722986602876,0.0024452390393052545,-0.018914799432530695,0.08663794145073998,-0.03327147705823908
28LYJC2V,0.024265722986602876,0.0024452390393052545,-0.018914799432530695,0.08663794145073998,-0.03327147705823908
2CzACvQq,0.024265722986602876,0.0024452390393052545,-0.018914799432530695,0.08663794145073998,-0.03327147705823908
2FT3crfv,0.024265722986602876,0.0024452390393052545,-0.018914799432530695,0.08663794145073998,-0.03327147705823908
2Fy2uHVg,0.024265722986602876,0.0024452390393052545,-0.018914799432530695,0.08663794145073998,-0.03327147705823908
2MkMEApm,0.024265722986602876,0.0024452390393052545,-0.018914799432530695,0.08663794145073998,-0.03327147705823908
2NDGWEOe,0.024265722986602876,0.0024452390393052545,-0.018914799432530695,0.08663794145073998,-0.03327147705823908
2NyyCiqn,0.024265722986602876,0.0024452390393052545,-0.018914799432530695,0.08663794145073998,-0.03327147705823908
2QRzIb84,0.024265722986602876,0.0024452390393052545,-0.018914799432530695,0.08663794145073998,-0.03327147705823908
2QcbdrUZ,0.024265722986602876,0.0024452390393052545,-0.018914799432530695,0.08663794145073998,-0.03327147705823908
2YgAimWK,0.024265722986602876,0.0024452390393052545,-0.018914799432530695,0.08663794145073998,-0.03327147705823908
2cx85d9H,0.024265722986602876,0.0024452390393052545,-0.018914799432530695,0.08663794145073998,-0.03327147705823908
2homMXMV,0.024265722986602876,0.0024452390393052545,-0.018914799432530695,0.08663794145073998,-0.03327147705823908
2ldLrUtq,0.024265722986602876,0.0024452390393052545,-0.018914799432530695,0.08663794145073998,-0.03327147705823908
2nsACW6G,0.024265722986602876,0.0024452390393052545,-0.018914799432530695,0.08663794145073998,-0.03327147705823908
2yMbVnWc,0.024265722986602876,0.0024452390393052545,-0.018914799432530695,0.08663794145073998,-0.03327147705823908
36r8sgGQ,0.024265722986602876,0.0024452390393052545,-0.018914799432530695,0.08663794145073998,-0.03327147705823908
3NXAXCl3,0.024265722986602876,0.0024452390393052545,-0.018914799432530695,0.08663794145073998,-0.03327147705823908
3QG0z6fl,0.024265722986602876,0.0024452390393052545,-0.018914799432530695,0.08663794145073998,-0.03327147705823908
3WS8R9qm,0.024265722986602876,0.0024452390393052545,-0.018914799432530695,0.08663794145073998,-0.03327147705823908
3fRLm8f5,0.024265722986602876,0.0024452390393052545,-0.018914799432530695,0.08663794145073998,-0.03327147705823908
3mZhp1nQ,0.024265722986602876,0.0024452390393052545,-0.018914799432530695,0.08663794145073998,-0.03327147705823908
3pikJXRL,0.024265722986602876,0.0024452390393052545,-0.018914799432530695,0.08663794145073998,-0.03327147705823908
3pxOEGHL,0.024265722986602876,0.0024452390393052545,-0.018914799432530695,0.08663794145073998,-0.03327147705823908
3ttdV3f5,0.024265722986602876,0.0024452390393052545,-0.018914799432530695,0.08663794145073998,-0.03327147705823908
3v4X6Mfe,0.024265722986602876,0.0024452390393052545,-0.018914799432530695,0.08663794145073998,-0.03327147705823908
3wORuPiv,0.024265722986602876,0.0024452390393052545,-0.018914799432530695,0.08663794145073998,-0.03327147705823908
43EfrxZj,0.024265722986602876,0.0024452390393052545,-0.018914799432530695,0.08663794145073998,-0.03327147705823908
457Vwm21,0.024265722986602876,0.0024452390393052545,-0.018914799432530695,0.08663794145073998,-0.03327147705823908
46KNnOdx,0.024265722986602876,0.0024452390393052545,-0.018914799432530695,0.08663794145073998,-0.03327147705823908
47TwNsVC,0.024265722986602876,0.0024452390393052545,-0.018914799432530695,0.08663794145073998,-0.03327147705823908
49856RpO,0.024265722986602876,0.0024452390393052545,-0.018914799432530695,0.08663794145073998,-0.03327147705823908
4Ane1o2N,0.024265722986602876,0.0024452390393052545,-0.018914799432530695,0.08663794145073998,-0.03327147705823908
4AyVUgSc,0.024265722986602876,0.0024452390393052545,-0.018914799432530695,0.08663794145073998,-0.03327147705823908
4B1951On,0.024265722986602876,0.0024452390393052545,-0.018914799432530695,0.08663794145073998,-0.03327147705823908
4OL39Teo,0.024265722986602876,0.0024452390393052545,-0.018914799432530695,0.08663794145073998,-0.03327147705823908
4eQ90eLY,0.024265722986602876,0.0024452390393052545,-0.018914799432530695,0.08663794145073998,-0.03327147705823908
4o5jwMj8,0.024265722986602876,0.0024452390393052545,-0.018914799432530695,0.08663794145073998,-0.03327147705823908
4vPgpl2c,0.024265722986602876,0.0024452390393052545,-0.018914799432530695,0.08663794145073998,-0.03327147705823908
51r9aA0d,0.024265722986602876,0.0024452390393052545,-0.018914799432530695,0.08663794145073998,-0.03327147705823908
58SmeRoP,0.024265722986602876,0.0024452390393052545,-0.018914799432530695,0.08663794145073998,-0.03327147705823908
5HJp1AXn,0.024265722986602876,0.0024452390393052545,-0.018914799432530695,0.08663794145073998,-0.03327147705823908
5MBZW7fx,0.024265722986602876,0.0024452390393052545,-0.018914799432530695,0.08663794145073998,-0.03327147705823908
5Nq3gHaP,0.024265722986602876,0.0024452390393052545,-0.018914799432530695,0.08663794145073998,-0.03327147705823908
5RmwFFK3,0.024265722986602876,0.0024452390393052545,-0.018914799432530695,0.08663794145073998,-0.03327147705823908
5Tu5Jbov,0.024265722986602876,0.0024452390393052545,-0.018914799432530695,0.08663794145073998,-0.03327147705823908
5YEolkev,0.024265722986602876,0.0024452390393052545,-0.018914799432530695,0.08663794145073998,-0.03327147705823908
5a8sf6QV,0.024265722986602876,0.0024452390393052545,-0.018914799432530695,0.08663794145073998,-0.03327147705823908
5eSvmqYm,0.024265722986602876,0.0024452390393052545,-0.018914799432530695,0.08663794145073998,-0.03327147705823908
5hkN8fiv,0.024265722986602876,0.0024452390393052545,-0.018914799432530695,0.08663794145073998,-0.03327147705823908
5oK8Gti5,0.024265722986602876,0.0024452390393052545,-0.018914799432530695,0.08663794145073998,-0.03327147705823908
5paniGaU,0.024265722986602876,0.0024452390393052545,-0.018914799432530695,0.08663794145073998,-0.03327147705823908
5vsr7ZUP,0.024265722986602876,0.0024452390393052545,-0.018914799432530695,0.08663794145073998,-0.03327147705823908
60B4xMWI,0.024265722986602876,0.0024452390393052545,-0.018914799432530695,0.08663794145073998,-0.03327147705823908
64jOUtKy,0.024265722986602876,0.0024452390393052545,-0.018914799432530695,0.08663794145073998,-0.03327147705823908
6AJo4xNG,0.024265722986602876,0.0024452390393052545,-0.018914799432530695,0.08663794145073998,-0.03327147705823908
6CAvhEte,0.024265722986602876,0.0024452390393052545,-0.018914799432530695,0.08663794145073998,-0.03327147705823908
6CuGYjT5,0.024265722986602876,0.0024452390393052545,-0.018914799432530695,0.08663794145073998,-0.03327147705823908
6DGH8ujZ,0.024265722986602876,0.0024452390393052545,-0.018914799432530695,0.08663794145073998,-0.03327147705823908
6PzsGdVm,0.024265722986602876,0.0024452390393052545,-0.018914799432530695,0.08663794145073998,-0.03327147705823908
6UcSJMbq,0.024265722986602876,0.0024452390393052545,-0.018914799432530695,0.08663794145073998,-0.03327147705823908
6WJbkH8U,0.024265722986602876,0.0024452390393052545,-0.018914799432530695,0.08663794145073998,-0.03327147705823908
6eUWsVzw,0.024265722986602876,0.0024452390393052545,-0.018914799432530695,0.08663794145073998,-0.03327147705823908
6gNyO7Do,0.024265722986602876,0.0024452390393052545,-0.018914799432530695,0.08663794145073998,-0.03327147705823908
6jT0AyHe,0.024265722986602876,0.0024452390393052545,-0.018914799432530695,0.08663794145073998,-0.03327147705823908
6nBgCvWu,0.024265722986602876,0.0024452390393052545,-0.018914799432530695,0.08663794145073998,-0.03327147705823908
6ro5mqg6,0.024265722986602876,0.0024452390393052545,-0.018914799432530695,0.08663794145073998,-0.03327147705823908
6sGqObX4,0.024265722986602876,0.0024452390393052545,-0.018914799432530695,0.08663794145073998,-0.03327147705823908
6uEGy0n4,0.024265722986602876,0.0024452390393052545,-0.018914799432530695,0.08663794145073998,-0.03327147705823908
7BZ4LxP8,0.024265722986602876,0.0024452390393052545,-0.018914799432530695,0.08663794145073998,-0.03327147705823908
7CmigXKi,0.024265722986602876,0.0024452390393052545,-0.018914799432530695,0.08663794145073998,-0.03327147705823908
7Ga0LpfR,0.024265722986602876,0.0024452390393052545,-0.018914799432530695,0.08663794145073998,-0.03327147705823908
7PQsFvsG,0.024265722986602876,0.0024452390393052545,-0.018914799432530695,0.08663794145073998,-0.03327147705823908
7aF7nnwn,0.024265722986602876,0.0024452390393052545,-0.018914799432530695,0.08663794145073998,-0.03327147705823908
7asGzfX9,0.024265722986602876,0.0024452390393052545,-0.018914799432530695,0.08663794145073998,-0.03327147705823908
7cg7C92o,0.024265722986602876,0.0024452390393052545,-0.018914799432530695,0.08663794145073998,-0.03327147705823908
7eOxTpsB,0.024265722986602876,0.0024452390393052545,-0.018914799432530695,0.08663794145073998,-0.03327147705823908
7ey0v7ma,0.024265722986602876,0.0024452390393052545,-0.018914799432530695,0.08663794145073998,-0.03327147705823908
7gocyrYl,0.024265722986602876,0.0024452390393052545,-0.018914799432530695,0.08663794145073998,-0.03327147705823908
7gqR3GoA,0.024265722986602876,0.0024452390393052545,-0.018914799432530695,0.08663794145073998,-0.03327147705823908
7og7aUXB,0.024265722986602876,0.0024452390393052545,-0.018914799432530695,0.08663794145073998,-0.03327147705823908
7onRfa8F,0.024265722986602876,0.0024452390393052545,-0.018914799432530695,0.08663794145073998,-0.03327147705823908
7umkNuxM,0.024265722986602876,0.0024452390393052545,-0.018914799432530695,0.08663794145073998,-0.03327147705823908
7vPr9ExD,0.024265722986602876,0.0024452390393052545,-0.018914799432530695,0.08663794145073998,-0.03327147705823908
7zNjpCzu,0.024265722986602876,0.0024452390393052545,-0.018914799432530695,0.08663794145073998,-0.03327147705823908
7ztsQNj3,0.024265722986602876,0.0024452390393052545,-0.018914799432530695,0.08663794145073998,-0.03327147705823908
86gppwMI,0.024265722986602876,0.0024452390393052545,-0.018914799432530695,0.08663794145073998,-0.03327147705823908
88thAGdL,0.024265722986602876,0.0024452390393052545,-0.018914799432530695,0.08663794145073998,-0.03327147705823908
8GhU8STP,0.024265722986602876,0.0024452390393052545,-0.018914799432530695,0.08663794145073998,-0.03327147705823908
8NlzDcWe,0.024265722986602876,0.0024452390393052545,-0.018914799432530695,0.08663794145073998,-0.03327147705823908
8QAejdLW,0.024265722986602876,0.0024452390393052545,-0.018914799432530695,0.08663794145073998,-0.03327147705823908
8RDeFxWM,0.024265722986602876,0.0024452390393052545,-0.018914799432530695,0.08663794145073998,-0.03327147705823908
8UXP2NBS,0.024265722986602876,0.0024452390393052545,-0.018914799432530695,0.08663794145073998,-0.03327147705823908
8ZoV3KGT,0.024265722986602876,0.0024452390393052545,-0.018914799432530695,0.08663794145073998,-0.03327147705823908
8ajs2uG8,0.024265722986602876,0.0024452390393052545,-0.018914799432530695,0.08663794145073998,-0.03327147705823908
8bXnz62p,0.024265722986602876,0.0024452390393052545,-0.018914799432530695,0.08663794145073998,-0.03327147705823908
8nO1O1LG,0.024265722986602876,0.0024452390393052545,-0.018914799432530695,0.08663794145073998,-0.03327147705823908
8xE1p8g8,0.024265722986602876,0.0024452390393052545,-0.018914799432530695,0.08663794145073998,-0.03327147705823908
8yMDVMRM,0.024265722986602876,0.0024452390393052545,-0.018914799432530695,0.08663794145073998,-0.03327147705823908
98R5VaPi,0.024265722986602876,0.0024452390393052545,-0.018914799432530695,0.08663794145073998,-0.03327147705823908
9DcTz2Ua,0.024265722986602876,0.0024452390393052545,-0.018914799432530695,0.08663794145073998,-0.03327147705823908
9G7nfUrK,0.024265722986602876,0.0024452390393052545,-0.018914799432530695,0.08663794145073998,-0.03327147705823908
9O6GZ1HT,0.024265722986602876,0.0024452390393052545,-0.018914799432530695,0.08663794145073998,-0.03327147705823908
9S7fCoAM,0.024265722986602876,0.0024452390393052545,-0.018914799432530695,0.08663794145073998,-0.03327147705823908
9iQwmFJR,0.024265722986602876,0.0024452390393052545,-0.018914799432530695,0.08663794145073998,-0.03327147705823908
A3Mt6SAQ,0.024265722986602876,0.0024452390393052545,-0.018914799432530695,0.08663794145073998,-0.03327147705823908
AJIsQIcV,0.024265722986602876,0.0024452390393052545,-0.018914799432530695,0.08663794145073998,-0.03327147705823908
AMHKXMh8,0.024265722986602876,0.0024452390393052545,-0.018914799432530695,0.08663794145073998,-0.03327147705823908
ASwA2J4E,0.024265722986602876,0.0024452390393052545,-0.018914799432530695,0.08663794145073998,-0.03327147705823908
AaFvEoHq,0.024265722986602876,0.0024452390393052545,-0.018914799432530695,0.08663794145073998,-0.03327147705823908
AiIPD6hX,0.024265722986602876,0.0024452390393052545,-0.018914799432530695,0.08663794145073998,-0.03327147705823908
AsIURvJS,0.024265722986602876,0.0024452390393052545,-0.018914799432530695,0.08663794145073998,-0.03327147705823908
AsvgbJ0C,0.024265722986602876,0.0024452390393052545,-0.018914799432530695,0.08663794145073998,-0.03327147705823908
AxEhbkCM,0.024265722986602876,0.0024452390393052545,-0.018914799432530695,0.08663794145073998,-0.03327147705823908
B7VPkIpx,0.024265722986602876,0.0024452390393052545,-0.018914799432530695,0.08663794145073998,-0.03327147705823908
BBwHqHiH,0.024265722986602876,0.0024452390393052545,-0.018914799432530695,0.08663794145073998,-0.03327147705823908
BMyps8hr,0.024265722986602876,0.0024452390393052545,-0.018914799432530695,0.08663794145073998,-0.03327147705823908
BUHS4dQw,0.024265722986602876,0.0024452390393052545,-0.018914799432530695,0.08663794145073998,-0.03327147705823908
BZB3EYWQ,0.024265722986602876,0.0024452390393052545,-0.018914799432530695,0.08663794145073998,-0.03327147705823908
C5UPCZcL,0.024265722986602876,0.0024452390393052545,-0.018914799432530695,0.08663794145073998,-0.03327147705823908
C5gIfQbJ,0.024265722986602876,0.0024452390393052545,-0.018914799432530695,0.08663794145073998,-0.03327147705823908
CDRuu4Pn,0.024265722986602876,0.0024452390393052545,-0.018914799432530695,0.08663794145073998,-0.03327147705823908
CQhTYkqE,0.024265722986602876,0.0024452390393052545,-0.018914799432530695,0.08663794145073998,-0.03327147705823908
CSEobMXv,0.024265722986602876,0.0024452390393052545,-0.018914799432530695,0.08663794145073998,-0.03327147705823908
CYMQE4x0,0.024265722986602876,0.0024452390393052545,-0.018914799432530695,0.08663794145073998,-0.03327147705823908
ChQdtl4J,0.024265722986602876,0.0024452390393052545,-0.018914799432530695,0.08663794145073998,-0.03327147705823908
ChnD1nrN,0.024265722986602876,0.0024452390393052545,-0.018914799432530695,0.08663794145073998,-0.03327147705823908
CvtbbIcq,0.024265722986602876,0.0024452390393052545,-0.018914799432530695,0.08663794145073998,-0.03327147705823908
Cxk06b77,0.024265722986602876,0.0024452390393052545,-0.018914799432530695,0.08663794145073998,-0.03327147705823908
D3QD3ZEJ,0.024265722986602876,0.0024452390393052545,-0.018914799432530695,0.08663794145073998,-0.03327147705823908
D8J5C6lA,0.024265722986602876,0.0024452390393052545,-0.018914799432530695,0.08663794145073998,-0.03327147705823908
DCeQwYfT,0.024265722986602876,0.0024452390393052545,-0.018914799432530695,0.08663794145073998,-0.03327147705823908
DDEftkx3,0.024265722986602876,0.0024452390393052545,-0.018914799432530695,0.08663794145073998,-0.03327147705823908
DEwCfeDW,0.024265722986602876,0.0024452390393052545,-0.018914799432530695,0.08663794145073998,-0.03327147705823908
DMkIV4oL,0.024265722986602876,0.0024452390393052545,-0.018914799432530695,0.08663794145073998,-0.03327147705823908
DnzGfbxS,0.024265722986602876,0.0024452390393052545,-0.018914799432530695,0.08663794145073998,-0.03327147705823908
DoZxo6f6,0.024265722986602876,0.0024452390393052545,-0.018914799432530695,0.08663794145073998,-0.03327147705823908
DvhBPGIk,0.024265722986602876,0.0024452390393052545,-0.018914799432530695,0.08663794145073998,-0.03327147705823908
Dx7GoUcT,0.024265722986602876,0.0024452390393052545,-0.018914799432530695,0.08663794145073998,-0.03327147705823908
E5hIjohO,0.024265722986602876,0.0024452390393052545,-0.018914799432530695,0.08663794145073998,-0.03327147705823908
E6x4XGHt,0.024265722986602876,0.0024452390393052545,-0.018914799432530695,0.08663794145073998,-0.03327147705823908
EDEpAzh1,0.024265722986602876,0.0024452390393052545,-0.018914799432530695,0.08663794145073998,-0.03327147705823908
ETGudkQt,0.024265722986602876,0.0024452390393052545,-0.018914799432530695,0.08663794145073998,-0.03327147705823908
EUleKrLJ,0.024265722986602876,0.0024452390393052545,-0.018914799432530695,0.08663794145073998,-0.03327147705823908
Ehw2Jz6s,0.024265722986602876,0.0024452390393052545,-0.018914799432530695,0.08663794145073998,-0.03327147705823908
EjqzC4zH,0.024265722986602876,0.0024452390393052545,-0.018914799432530695,0.08663794145073998,-0.03327147705823908
EkMZO3Qj,0.024265722986602876,0.0024452390393052545,-0.018914799432530695,0.08663794145073998,-0.03327147705823908
EnoNXWvU,0.024265722986602876,0.0024452390393052545,-0.018914799432530695,0.08663794145073998,-0.03327147705823908
Epv8ANwr,0.024265722986602876,0.0024452390393052545,-0.018914799432530695,0.08663794145073998,-0.03327147705823908
Etro9j0B,0.024265722986602876,0.0024452390393052545,-0.018914799432530695,0.08663794145073998,-0.03327147705823908
F3MIZj76,0.024265722986602876,0.0024452390393052545,-0.018914799432530695,0.08663794145073998,-0.03327147705823908
FB8tU00K,0.024265722986602876,0.0024452390393052545,-0.018914799432530695,0.08663794145073998,-0.03327147705823908
FLhxBGMK,0.024265722986602876,0.0024452390393052545,-0.018914799432530695,0.08663794145073998,-0.03327147705823908
FRreR8ka,0.024265722986602876,0.0024452390393052545,-0.018914799432530695,0.08663794145073998,-0.03327147705823908
FXne4oAV,0.024265722986602876,0.0024452390393052545,-0.018914799432530695,0.08663794145073998,-0.03327147705823908
FaW764jk,0.024265722986602876,0.0024452390393052545,-0.018914799432530695,0.08663794145073998,-0.03327147705823908
FeAbMXly,0.024265722986602876,0.0024452390393052545,-0.018914799432530695,0.08663794145073998,-0.03327147705823908
FeudaFXn,0.024265722986602876,0.0024452390393052545,-0.018914799432530695,0.08663794145073998,-0.03327147705823908
FldUmFeM,0.024265722986602876,0.0024452390393052545,-0.018914799432530695,0.08663794145073998,-0.03327147705823908
Fnv5tfAm,0.024265722986602876,0.0024452390393052545,-0.018914799432530695,0.08663794145073998,-0.03327147705823908
FvrAd3Or,0.024265722986602876,0.0024452390393052545,-0.018914799432530695,0.08663794145073998,-0.03327147705823908
G48zHffi,0.024265722986602876,0.0024452390393052545,-0.018914799432530695,0.08663794145073998,-0.03327147705823908
G76zCv5N,0.024265722986602876,0.0024452390393052545,-0.018914799432530695,0.08663794145073998,-0.03327147705823908
G7JGUdNf,0.024265722986602876,0.0024452390393052545,-0.018914799432530695,0.08663794145073998,-0.03327147705823908
GCo6MONx,0.024265722986602876,0.0024452390393052545,-0.018914799432530695,0.08663794145073998,-0.03327147705823908
GE0vbpVQ,0.024265722986602876,0.0024452390393052545,-0.018914799432530695,0.08663794145073998,-0.03327147705823908
GN0DfOqt,0.024265722986602876,0.0024452390393052545,-0.018914799432530695,0.08663794145073998,-0.03327147705823908
GNsTAb1v,0.024265722986602876,0.0024452390393052545,-0.018914799432530695,0.08663794145073998,-0.03327147705823908
GPwmO21z,0.024265722986602876,0.0024452390393052545,-0.018914799432530695,0.08663794145073998,-0.03327147705823908
GQYpfLoh,0.024265722986602876,0.0024452390393052545,-0.018914799432530695,0.08663794145073998,-0.03327147705823908
GR9knT8n,0.024265722986602876,0.0024452390393052545,-0.018914799432530695,0.08663794145073998,-0.03327147705823908
GXtFFbZy,0.024265722986602876,0.0024452390393052545,-0.018914799432530695,0.08663794145073998,-0.03327147705823908
GYvzvvFD,0.024265722986602876,0.0024452390393052545,-0.018914799432530695,0.08663794145073998,-0.03327147705823908
GemPjTJ9,0.024265722986602876,0.0024452390393052545,-0.018914799432530695,0.08663794145073998,-0.03327147705823908
GkLYRm1K,0.024265722986602876,0.0024452390393052545,-0.018914799432530695,0.08663794145073998,-0.03327147705823908
GmlqP8eI,0.024265722986602876,0.0024452390393052545,-0.018914799432530695,0.08663794145073998,-0.03327147705823908
GqkIrOvf,0.024265722986602876,0.0024452390393052545,-0.018914799432530695,0.08663794145073998,-0.03327147705823908
H0fsegPi,0.024265722986602876,0.0024452390393052545,-0.018914799432530695,0.08663794145073998,-0.03327147705823908
H4dHpJjU,0.024265722986602876,0.0024452390393052545,-0.018914799432530695,0.08663794145073998,-0.03327147705823908
H5QwJCuU,0.024265722986602876,0.0024452390393052545,-0.018914799432530695,0.08663794145073998,-0.03327147705823908
H5uwmSZ0,0.024265722986602876,0.0024452390393052545,-0.018914799432530695,0.08663794145073998,-0.03327147705823908
H8MtbVoL,0.024265722986602876,0.0024452390393052545,-0.018914799432530695,0.08663794145073998,-0.03327147705823908
H9JrUYnp,0.024265722986602876,0.0024452390393052545,-0.018914799432530695,0.08663794145073998,-0.03327147705823908
HHYmmHVk,0.024265722986602876,0.0024452390393052545,-0.018914799432530695,0.08663794145073998,-0.03327147705823908
HJ5U4uqL,0.024265722986602876,0.0024452390393052545,-0.018914799432530695,0.08663794145073998,-0.03327147705823908
HNQxYc4w,0.024265722986602876,0.0024452390393052545,-0.018914799432530695,0.08663794145073998,-0.03327147705823908
HQYhKHZ8,0.024265722986602876,0.0024452390393052545,-0.018914799432530695,0.08663794145073998,-0.03327147705823908
HSCMx0MC,0.024265722986602876,0.0024452390393052545,-0.018914799432530695,0.08663794145073998,-0.03327147705823908
HXYuE0fx,0.024265722986602876,0.0024452390393052545,-0.018914799432530695,0.08663794145073998,-0.03327147705823908
HdKcxEWr,0.024265722986602876,0.0024452390393052545,-0.018914799432530695,0.08663794145073998,-0.03327147705823908
HecW1iCC,0.024265722986602876,0.0024452390393052545,-0.018914799432530695,0.08663794145073998,-0.03327147705823908
HpbKB8rv,0.024265722986602876,0.0024452390393052545,-0.018914799432530695,0.08663794145073998,-0.03327147705823908
HrkoYjCg,0.024265722986602876,0.0024452390393052545,-0.018914799432530695,0.08663794145073998,-0.03327147705823908
I5P2uquT,0.024265722986602876,0.0024452390393052545,-0.018914799432530695,0.08663794145073998,-0.03327147705823908
I94qkDM7,0.024265722986602876,0.0024452390393052545,-0.018914799432530695,0.08663794145073998,-0.03327147705823908
I9sQbtt8,0.024265722986602876,0.0024452390393052545,-0.018914799432530695,0.08663794145073998,-0.03327147705823908
IFxgw6ZX,0.024265722986602876,0.0024452390393052545,-0.018914799432530695,0.08663794145073998,-0.03327147705823908
IPPPSyoU,0.024265722986602876,0.0024452390393052545,-0.018914799432530695,0.08663794145073998,-0.03327147705823908
IQOYQubU,0.024265722986602876,0.0024452390393052545,-0.018914799432530695,0.08663794145073998,-0.03327147705823908
IYNE2SxU,0.024265722986602876,0.0024452390393052545,-0.018914799432530695,0.08663794145073998,-0.03327147705823908
IZRFk9kN,0.024265722986602876,0.0024452390393052545,-0.018914799432530695,0.08663794145073998,-0.03327147705823908
Iaq3v0t3,0.024265722986602876,0.0024452390393052545,-0.018914799432530695,0.08663794145073998,-0.03327147705823908
IbVwu1t6,0.024265722986602876,0.0024452390393052545,-0.018914799432530695,0.08663794145073998,-0.03327147705823908
IcHKTLyo,0.024265722986602876,0.0024452390393052545,-0.018914799432530695,0.08663794145073998,-0.03327147705823908
IpW80wVB,0.024265722986602876,0.0024452390393052545,-0.018914799432530695,0.08663794145073998,-0.03327147705823908
Itb0PYUV,0.024265722986602876,0.0024452390393052545,-0.018914799432530695,0.08663794145073998,-0.03327147705823908
J8fpSwS0,0.024265722986602876,0.0024452390393052545,-0.018914799432530695,0.08663794145073998,-0.03327147705823908
JE1SlbD0,0.024265722986602876,0.0024452390393052545,-0.018914799432530695,0.08663794145073998,-0.03327147705823908
JEB4McNb,0.024265722986602876,0.0024452390393052545,-0.018914799432530695,0.08663794145073998,-0.03327147705823908
JEE4QVeQ,0.024265722986602876,0.0024452390393052545,-0.018914799432530695,0.08663794145073998,-0.03327147705823908
JJSEU2VQ,0.024265722986602876,0.0024452390393052545,-0.018914799432530695,0.08663794145073998,-0.03327147705823908
JSsVriP2,0.024265722986602876,0.0024452390393052545,-0.018914799432530695,0.08663794145073998,-0.03327147705823908
JUvQNiOK,0.024265722986602876,0.0024452390393052545,-0.018914799432530695,0.08663794145073998,-0.03327147705823908
JZbrRtm2,0.024265722986602876,0.0024452390393052545,-0.018914799432530695,0.08663794145073998,-0.03327147705823908
JcE9G92B,0.024265722986602876,0.0024452390393052545,-0.018914799432530695,0.08663794145073998,-0.03327147705823908
JnNYpXHr,0.024265722986602876,0.0024452390393052545,-0.018914799432530695,0.08663794145073998,-0.03327147705823908
JzpbnOtz,0.024265722986602876,0.0024452390393052545,-0.018914799432530695,0.08663794145073998,-0.03327147705823908
JzzUhPQp,0.024265722986602876,0.0024452390393052545,-0.018914799432530695,0.08663794145073998,-0.03327147705823908
K05R8dQK,0.024265722986602876,0.0024452390393052545,-0.018914799432530695,0.08663794145073998,-0.03327147705823908
K17pG2mG,0.024265722986602876,0.0024452390393052545,-0.018914799432530695,0.08663794145073998,-0.03327147705823908
K8BellUe,0.024265722986602876,0.0024452390393052545,-0.018914799432530695,0.08663794145073998,-0.03327147705823908
KJ2eH6rr,0.024265722986602876,0.0024452390393052545,-0.018914799432530695,0.08663794145073998,-0.03327147705823908
KJEJ6Glk,0.024265722986602876,0.0024452390393052545,-0.018914799432530695,0.08663794145073998,-0.03327147705823908
KSbO0oXS,0.024265722986602876,0.0024452390393052545,-0.018914799432530695,0.08663794145073998,-0.03327147705823908
KXtvmd01,0.024265722986602876,0.0024452390393052545,-0.018914799432530695,0.08663794145073998,-0.03327147705823908
KYiJqBuJ,0.024265722986602876,0.0024452390393052545,-0.018914799432530695,0.08663794145073998,-0.03327147705823908
KmbAyTcE,0.024265722986602876,0.0024452390393052545,-0.018914799432530695,0.08663794145073998,-0.03327147705823908
KnNyl3rV,0.024265722986602876,0.0024452390393052545,-0.018914799432530695,0.08663794145073998,-0.03327147705823908
Kp2DG8TZ,0.024265722986602876,0.0024452390393052545,-0.018914799432530695,0.08663794145073998,-0.03327147705823908
KqQtKWs5,0.024265722986602876,0.0024452390393052545,-0.018914799432530695,0.08663794145073998,-0.03327147705823908
Ku27g63R,0.024265722986602876,0.0024452390393052545,-0.018914799432530695,0.08663794145073998,-0.03327147705823908
L2aTVqDq,0.024265722986602876,0.0024452390393052545,-0.018914799432530695,0.08663794145073998,-0.03327147705823908
L5jvq6G4,0.024265722986602876,0.0024452390393052545,-0.018914799432530695,0.08663794145073998,-0.03327147705823908
L91hYVQl,0.024265722986602876,0.0024452390393052545,-0.018914799432530695,0.08663794145073998,-0.03327147705823908
LINAMlbA,0.024265722986602876,0.0024452390393052545,-0.018914799432530695,0.08663794145073998,-0.03327147705823908
LJoUNXSx,0.024265722986602876,0.0024452390393052545,-0.018914799432530695,0.08663794145073998,-0.03327147705823908
LLtSiyWD,0.024265722986602876,0.0024452390393052545,-0.018914799432530695,0.08663794145073998,-0.03327147705823908
LQJtV8kn,0.024265722986602876,0.0024452390393052545,-0.018914799432530695,0.08663794145073998,-0.03327147705823908
LW9uddw7,0.024265722986602876,0.0024452390393052545,-0.018914799432530695,0.08663794145073998,-0.03327147705823908
LZ6sdBTR,0.024265722986602876,0.0024452390393052545,-0.018914799432530695,0.08663794145073998,-0.03327147705823908
La2Vhnne,0.024265722986602876,0.0024452390393052545,-0.018914799432530695,0.08663794145073998,-0.03327147705823908
LaUWSq9B,0.024265722986602876,0.0024452390393052545,-0.018914799432530695,0.08663794145073998,-0.03327147705823908
Lk4SfkPQ,0.024265722986602876,0.0024452390393052545,-0.018914799432530695,0.08663794145073998,-0.03327147705823908
LllC836d,0.024265722986602876,0.0024452390393052545,-0.018914799432530695,0.08663794145073998,-0.03327147705823908
LuGiGeWN,0.024265722986602876,0.0024452390393052545,-0.018914799432530695,0.08663794145073998,-0.03327147705823908
LzcyHcWa,0.024265722986602876,0.0024452390393052545,-0.018914799432530695,0.08663794145073998,-0.03327147705823908
M7veP0H4,0.024265722986602876,0.0024452390393052545,-0.018914799432530695,0.08663794145073998,-0.03327147705823908
MB8aaJUc,0.024265722986602876,0.0024452390393052545,-0.018914799432530695,0.08663794145073998,-0.03327147705823908
MDpe2zuy,0.024265722986602876,0.0024452390393052545,-0.018914799432530695,0.08663794145073998,-0.03327147705823908
MEzdmEIU,0.024265722986602876,0.0024452390393052545,-0.018914799432530695,0.08663794145073998,-0.03327147705823908
MVnhtivm,0.024265722986602876,0.0024452390393052545,-0.018914799432530695,0.08663794145073998,-0.03327147705823908
MYU7WDis,0.024265722986602876,0.0024452390393052545,-0.018914799432530695,0.08663794145073998,-0.03327147705823908
MZFqh6yw,0.024265722986602876,0.0024452390393052545,-0.018914799432530695,0.08663794145073998,-0.03327147705823908
Mdgy4SsO,0.024265722986602876,0.0024452390393052545,-0.018914799432530695,0.08663794145073998,-0.03327147705823908
Mj8awnzy,0.024265722986602876,0.0024452390393052545,-0.018914799432530695,0.08663794145073998,-0.03327147705823908
MpFPbUJy,0.024265722986602876,0.0024452390393052545,-0.018914799432530695,0.08663794145073998,-0.03327147705823908
Mqk7MFBM,0.024265722986602876,0.0024452390393052545,-0.018914799432530695,0.08663794145073998,-0.03327147705823908
Mqs2t1Eo,0.024265722986602876,0.0024452390393052545,-0.018914799432530695,0.08663794145073998,-0.03327147705823908
Mv3jFVxp,0.024265722986602876,0.0024452390393052545,-0.018914799432530695,0.08663794145073998,-0.03327147705823908
MxODTXvA,0.024265722986602876,0.0024452390393052545,-0.018914799432530695,0.08663794145073998,-0.03327147705823908
N46PbpPM,0.024265722986602876,0.0024452390393052545,-0.018914799432530695,0.08663794145073998,-0.03327147705823908
N5S5F9Gk,0.024265722986602876,0.0024452390393052545,-0.018914799432530695,0.08663794145073998,-0.03327147705823908
NLDg5fqw,0.024265722986602876,0.0024452390393052545,-0.018914799432530695,0.08663794145073998,-0.03327147705823908
NOho2ZiM,0.024265722986602876,0.0024452390393052545,-0.018914799432530695,0.08663794145073998,-0.03327147705823908
NUuY7PFU,0.024265722986602876,0.0024452390393052545,-0.018914799432530695,0.08663794145073998,-0.03327147705823908
NV1e8AEO,0.024265722986602876,0.0024452390393052545,-0.018914799432530695,0.08663794145073998,-0.03327147705823908
NZLXROKC,0.024265722986602876,0.0024452390393052545,-0.018914799432530695,0.08663794145073998,-0.03327147705823908
NaJo7C6o,0.024265722986602876,0.0024452390393052545,-0.018914799432530695,0.08663794145073998,-0.03327147705823908
NgsyGkrO,0.024265722986602876,0.0024452390393052545,-0.018914799432530695,0.08663794145073998,-0.03327147705823908
NjOx4Zpo,0.024265722986602876,0.0024452390393052545,-0.018914799432530695,0.08663794145073998,-0.03327147705823908
NmQoI7x0,0.024265722986602876,0.0024452390393052545,-0.018914799432530695,0.08663794145073998,-0.03327147705823908
No4wkdLS,0.024265722986602876,0.0024452390393052545,-0.018914799432530695,0.08663794145073998,-0.03327147705823908
NouMwhOf,0.024265722986602876,0.0024452390393052545,-0.018914799432530695,0.08663794145073998,-0.03327147705823908
O6YAWd8C,0.024265722986602876,0.0024452390393052545,-0.018914799432530695,0.08663794145073998,-0.03327147705823908
OAXVphSh,0.024265722986602876,0.0024452390393052545,-0.018914799432530695,0.08663794145073998,-0.03327147705823908
OJBBhb6Q,0.024265722986602876,0.0024452390393052545,-0.018914799432530695,0.08663794145073998,-0.03327147705823908
OSIQXImL,0.024265722986602876,0.0024452390393052545,-0.018914799432530695,0.08663794145073998,-0.03327147705823908
OUUFc5Zz,0.024265722986602876,0.0024452390393052545,-0.018914799432530695,0.08663794145073998,-0.03327147705823908
OVk1lquT,0.024265722986602876,0.0024452390393052545,-0.018914799432530695,0.08663794145073998,-0.03327147705823908
OXdRxjzz,0.024265722986602876,0.0024452390393052545,-0.018914799432530695,0.08663794145073998,-0.03327147705823908
OXxW2ekf,0.024265722986602876,0.0024452390393052545,-0.018914799432530695,0.08663794145073998,-0.03327147705823908
OXz5OpqR,0.024265722986602876,0.0024452390393052545,-0.018914799432530695,0.08663794145073998,-0.03327147705823908
OcBFW1AX,0.024265722986602876,0.0024452390393052545,-0.018914799432530695,0.08663794145073998,-0.03327147705823908
Of9V2rpt,0.024265722986602876,0.0024452390393052545,-0.018914799432530695,0.08663794145073998,-0.03327147705823908
OfLxPhbG,0.024265722986602876,0.0024452390393052545,-0.018914799432530695,0.08663794145073998,-0.03327147705823908
Ojx2vi48,0.024265722986602876,0.0024452390393052545,-0.018914799432530695,0.08663794145073998,-0.03327147705823908
P3M32iuT,0.024265722986602876,0.0024452390393052545,-0.018914799432530695,0.08663794145073998,-0.03327147705823908
P7olVzrO,0.024265722986602876,0.0024452390393052545,-0.018914799432530695,0.08663794145073998,-0.03327147705823908
PAPHErnv,0.024265722986602876,0.0024452390393052545,-0.018914799432530695,0.08663794145073998,-0.03327147705823908
PBjEtfXb,0.024265722986602876,0.0024452390393052545,-0.018914799432530695,0.08663794145073998,-0.03327147705823908
PZGpoBBj,0.024265722986602876,0.0024452390393052545,-0.018914799432530695,0.08663794145073998,-0.03327147705823908
Pc2RrxXS,0.024265722986602876,0.0024452390393052545,-0.018914799432530695,0.08663794145073998,-0.03327147705823908
PcHQ4FOu,0.024265722986602876,0.0024452390393052545,-0.018914799432530695,0.08663794145073998,-0.03327147705823908
PeNyTOVN,0.024265722986602876,0.0024452390393052545,-0.018914799432530695,0.08663794145073998,-0.03327147705823908
PhUPSU53,0.024265722986602876,0.0024452390393052545,-0.018914799432530695,0.08663794145073998,-0.03327147705823908
PmUNeV2O,0.024265722986602876,0.0024452390393052545,-0.018914799432530695,0.08663794145073998,-0.03327147705823908
PoDJ0uvK,0.024265722986602876,0.0024452390393052545,-0.018914799432530695,0.08663794145073998,-0.03327147705823908
PsUJdJdg,0.024265722986602876,0.0024452390393052545,-0.018914799432530695,0.08663794145073998,-0.03327147705823908
Q3xLFx1f,0.024265722986602876,0.0024452390393052545,-0.018914799432530695,0.08663794145073998,-0.03327147705823908
QBGxCvdM,0.024265722986602876,0.0024452390393052545,-0.018914799432530695,0.08663794145073998,-0.03327147705823908
QCEPyu6L,0.024265722986602876,0.0024452390393052545,-0.018914799432530695,0.08663794145073998,-0.03327147705823908
QEfwec4s,0.024265722986602876,0.0024452390393052545,-0.018914799432530695,0.08663794145073998,-0.03327147705823908
QZ87Nnr3,0.024265722986602876,0.0024452390393052545,-0.018914799432530695,0.08663794145073998,-0.03327147705823908
QlyGN9jv,0.024265722986602876,0.0024452390393052545,-0.018914799432530695,0.08663794145073998,-0.03327147705823908
QqgWE1ny,0.024265722986602876,0.0024452390393052545,-0.018914799432530695,0.08663794145073998,-0.03327147705823908
QrjjBpZd,0.024265722986602876,0.0024452390393052545,-0.018914799432530695,0.08663794145073998,-0.03327147705823908
QsaBiX7V,0.024265722986602876,0.0024452390393052545,-0.018914799432530695,0.08663794145073998,-0.03327147705823908
QtBKJuZk,0.024265722986602876,0.0024452390393052545,-0.018914799432530695,0.08663794145073998,-0.03327147705823908
QtPRO8OJ,0.024265722986602876,0.0024452390393052545,-0.018914799432530695,0.08663794145073998,-0.03327147705823908
R8XcsFnp,0.024265722986602876,0.0024452390393052545,-0.018914799432530695,0.08663794145073998,-0.03327147705823908
RROfRt9z,0.024265722986602876,0.0024452390393052545,-0.018914799432530695,0.08663794145073998,-0.03327147705823908
RTcbiDGq,0.024265722986602876,0.0024452390393052545,-0.018914799432530695,0.08663794145073998,-0.03327147705823908
RVidM9g0,0.024265722986602876,0.0024452390393052545,-0.018914799432530695,0.08663794145073998,-0.03327147705823908
RZnQSH19,0.024265722986602876,0.0024452390393052545,-0.018914799432530695,0.08663794145073998,-0.03327147705823908
Rc4UK7fT,0.024265722986602876,0.0024452390393052545,-0.018914799432530695,0.08663794145073998,-0.03327147705823908
RcKBKh6B,0.024265722986602876,0.0024452390393052545,-0.018914799432530695,0.08663794145073998,-0.03327147705823908
ReM5kDa5,0.024265722986602876,0.0024452390393052545,-0.018914799432530695,0.08663794145073998,-0.03327147705823908
RfntsotG,0.024265722986602876,0.0024452390393052545,-0.018914799432530695,0.08663794145073998,-0.03327147705823908
RiXMlzXD,0.024265722986602876,0.0024452390393052545,-0.018914799432530695,0.08663794145073998,-0.03327147705823908
Rik83O3m,0.024265722986602876,0.0024452390393052545,-0.018914799432530695,0.08663794145073998,-0.03327147705823908
S3PCzDzO,0.024265722986602876,0.0024452390393052545,-0.018914799432530695,0.08663794145073998,-0.03327147705823908
S77BviOJ,0.024265722986602876,0.0024452390393052545,-0.018914799432530695,0.08663794145073998,-0.03327147705823908
SDdvtktF,0.024265722986602876,0.0024452390393052545,-0.018914799432530695,0.08663794145073998,-0.03327147705823908
SHs1AyfM,0.024265722986602876,0.0024452390393052545,-0.018914799432530695,0.08663794145073998,-0.03327147705823908
SO4zQy9k,0.024265722986602876,0.0024452390393052545,-0.018914799432530695,0.08663794145073998,-0.03327147705823908
SOOBCoiG,0.024265722986602876,0.0024452390393052545,-0.018914799432530695,0.08663794145073998,-0.03327147705823908
SXkkPB7A,0.024265722986602876,0.0024452390393052545,-0.018914799432530695,0.08663794145073998,-0.03327147705823908
Sa93dGqq,0.024265722986602876,0.0024452390393052545,-0.018914799432530695,0.08663794145073998,-0.03327147705823908
SonIG72a,0.024265722986602876,0.0024452390393052545,-0.018914799432530695,0.08663794145073998,-0.03327147705823908
Suf6hIBc,0.024265722986602876,0.0024452390393052545,-0.018914799432530695,0.08663794145073998,-0.03327147705823908
Sx2JeSRz,0.024265722986602876,0.0024452390393052545,-0.018914799432530695,0.08663794145073998,-0.03327147705823908
T1Tlftr4,0.024265722986602876,0.0024452390393052545,-0.018914799432530695,0.08663794145073998,-0.03327147705823908
T7ulR4ci,0.024265722986602876,0.0024452390393052545,-0.018914799432530695,0.08663794145073998,-0.03327147705823908
TA1NB3Br,0.024265722986602876,0.0024452390393052545,-0.018914799432530695,0.08663794145073998,-0.03327147705823908
TFZUskaK,0.024265722986602876,0.0024452390393052545,-0.018914799432530695,0.08663794145073998,-0.03327147705823908
TNL8HGWZ,0.024265722986602876,0.0024452390393052545,-0.018914799432530695,0.08663794145073998,-0.03327147705823908
TZ8z1GSF,0.024265722986602876,0.0024452390393052545,-0.018914799432530695,0.08663794145073998,-0.03327147705823908
TqhRvkJJ,0.024265722986602876,0.0024452390393052545,-0.018914799432530695,0.08663794145073998,-0.03327147705823908
TtJCUiY4,0.024265722986602876,0.0024452390393052545,-0.018914799432530695,0.08663794145073998,-0.03327147705823908
TwDq0lua,0.024265722986602876,0.0024452390393052545,-0.018914799432530695,0.08663794145073998,-0.03327147705823908
Tzyf02sI,0.024265722986602876,0.0024452390393052545,-0.018914799432530695,0.08663794145073998,-0.03327147705823908
U3yI6ZS5,0.024265722986602876,0.0024452390393052545,-0.018914799432530695,0.08663794145073998,-0.03327147705823908
UBLnXZAN,0.024265722986602876,0.0024452390393052545,-0.018914799432530695,0.08663794145073998,-0.03327147705823908
UBWDzleg,0.024265722986602876,0.0024452390393052545,-0.018914799432530695,0.08663794145073998,-0.03327147705823908
UBqkX6SY,0.024265722986602876,0.0024452390393052545,-0.018914799432530695,0.08663794145073998,-0.03327147705823908
UCIAi1Aj,0.024265722986602876,0.0024452390393052545,-0.018914799432530695,0.08663794145073998,-0.03327147705823908
UPbXGvCS,0.024265722986602876,0.0024452390393052545,-0.018914799432530695,0.08663794145073998,-0.03327147705823908
UeWm1l9F,0.024265722986602876,0.0024452390393052545,-0.018914799432530695,0.08663794145073998,-0.03327147705823908
UhucscY7,0.024265722986602876,0.0024452390393052545,-0.018914799432530695,0.08663794145073998,-0.03327147705823908
Uri1SvHV,0.024265722986602876,0.0024452390393052545,-0.018914799432530695,0.08663794145073998,-0.03327147705823908
UzxipGJS,0.024265722986602876,0.0024452390393052545,-0.018914799432530695,0.08663794145073998,-0.03327147705823908
V74zfaAQ,0.024265722986602876,0.0024452390393052545,-0.018914799432530695,0.08663794145073998,-0.03327147705823908
VBPxBLTh,0.024265722986602876,0.0024452390393052545,-0.018914799432530695,0.08663794145073998,-0.03327147705823908
VLG7CXYS,0.024265722986602876,0.0024452390393052545,-0.018914799432530695,0.08663794145073998,-0.03327147705823908
VNk52SpF,0.024265722986602876,0.0024452390393052545,-0.018914799432530695,0.08663794145073998,-0.03327147705823908
VOREKsok,0.024265722986602876,0.0024452390393052545,-0.018914799432530695,0.08663794145073998,-0.03327147705823908
VRhTr5pX,0.024265722986602876,0.0024452390393052545,-0.018914799432530695,0.08663794145073998,-0.03327147705823908
VTcG4Kcw,0.024265722986602876,0.0024452390393052545,-0.018914799432530695,0.08663794145073998,-0.03327147705823908
VeKiWSbS,0.024265722986602876,0.0024452390393052545,-0.018914799432530695,0.08663794145073998,-0.03327147705823908
VnU8nJHU,0.024265722986602876,0.0024452390393052545,-0.018914799432530695,0.08663794145073998,-0.03327147705823908
VueNCxYv,0.024265722986602876,0.0024452390393052545,-0.018914799432530695,0.08663794145073998,-0.03327147705823908
VxuQTRUl,0.024265722986602876,0.0024452390393052545,-0.018914799432530695,0.08663794145073998,-0.03327147705823908
W5lgaocA,0.024265722986602876,0.0024452390393052545,-0.018914799432530695,0.08663794145073998,-0.03327147705823908
W5mMq9Ef,0.024265722986602876,0.0024452390393052545,-0.018914799432530695,0.08663794145073998,-0.03327147705823908
WDhNqFpS,0.024265722986602876,0.0024452390393052545,-0.018914799432530695,0.08663794145073998,-0.03327147705823908
WE6n1kZi,0.024265722986602876,0.0024452390393052545,-0.018914799432530695,0.08663794145073998,-0.03327147705823908
WFk6r3vA,0.024265722986602876,0.0024452390393052545,-0.018914799432530695,0.08663794145073998,-0.03327147705823908
WFyIrsUR,0.024265722986602876,0.0024452390393052545,-0.018914799432530695,0.08663794145073998,-0.03327147705823908
WG6ZAsqR,0.024265722986602876,0.0024452390393052545,-0.018914799432530695,0.08663794145073998,-0.03327147705823908
WMq3CZQk,0.024265722986602876,0.0024452390393052545,-0.018914799432530695,0.08663794145073998,-0.03327147705823908
WRskmGjh,0.024265722986602876,0.0024452390393052545,-0.018914799432530695,0.08663794145073998,-0.03327147705823908
WXijSglj,0.024265722986602876,0.0024452390393052545,-0.018914799432530695,0.08663794145073998,-0.03327147705823908
Wc0stQgu,0.024265722986602876,0.0024452390393052545,-0.018914799432530695,0.08663794145073998,-0.03327147705823908
WewoSCUB,0.024265722986602876,0.0024452390393052545,-0.018914799432530695,0.08663794145073998,-0.03327147705823908
WuHuhHWJ,0.024265722986602876,0.0024452390393052545,-0.018914799432530695,0.08663794145073998,-0.03327147705823908
Wv7EBtZb,0.024265722986602876,0.0024452390393052545,-0.018914799432530695,0.08663794145073998,-0.03327147705823908
WyPlxDn0,0.024265722986602876,0.0024452390393052545,-0.018914799432530695,0.08663794145073998,-0.03327147705823908
X3WqoSNN,0.024265722986602876,0.0024452390393052545,-0.018914799432530695,0.08663794145073998,-0.03327147705823908
XDhyP9KB,0.024265722986602876,0.0024452390393052545,-0.018914799432530695,0.08663794145073998,-0.03327147705823908
XQxhDRMG,0.024265722986602876,0.0024452390393052545,-0.018914799432530695,0.08663794145073998,-0.03327147705823908
XjLNAwxW,0.024265722986602876,0.0024452390393052545,-0.018914799432530695,0.08663794145073998,-0.03327147705823908
XjfVQbXd,0.024265722986602876,0.0024452390393052545,-0.018914799432530695,0.08663794145073998,-0.03327147705823908
Xovczbf6,0.024265722986602876,0.0024452390393052545,-0.018914799432530695,0.08663794145073998,-0.03327147705823908
Y8H4onBf,0.024265722986602876,0.0024452390393052545,-0.018914799432530695,0.08663794145073998,-0.03327147705823908
Y8YgzSZ9,0.024265722986602876,0.0024452390393052545,-0.018914799432530695,0.08663794145073998,-0.03327147705823908
YC4PNV20,0.024265722986602876,0.0024452390393052545,-0.018914799432530695,0.08663794145073998,-0.03327147705823908
YDHSCRdd,0.024265722986602876,0.0024452390393052545,-0.018914799432530695,0.08663794145073998,-0.03327147705823908
YIJ87aME,0.024265722986602876,0.0024452390393052545,-0.018914799432530695,0.08663794145073998,-0.03327147705823908
YKvT4dFv,0.024265722986602876,0.0024452390393052545,-0.018914799432530695,0.08663794145073998,-0.03327147705823908
YNebALR2,0.024265722986602876,0.0024452390393052545,-0.018914799432530695,0.08663794145073998,-0.03327147705823908
YNrnqFyb,0.024265722986602876,0.0024452390393052545,-0.018914799432530695,0.08663794145073998,-0.03327147705823908
YUZ4lR3m,0.024265722986602876,0.0024452390393052545,-0.018914799432530695,0.08663794145073998,-0.03327147705823908
YYLvjoVC,0.024265722986602876,0.0024452390393052545,-0.018914799432530695,0.08663794145073998,-0.03327147705823908
Yb8OtMb2,0.024265722986602876,0.0024452390393052545,-0.018914799432530695,0.08663794145073998,-0.03327147705823908
Ycg4lTYw,0.024265722986602876,0.0024452390393052545,-0.018914799432530695,0.08663794145073998,-0.03327147705823908
Yfk6tekH,0.024265722986602876,0.0024452390393052545,-0.018914799432530695,0.08663794145073998,-0.03327147705823908
YoSfgmR6,0.024265722986602876,0.0024452390393052545,-0.018914799432530695,0.08663794145073998,-0.03327147705823908
YpzFvexy,0.024265722986602876,0.0024452390393052545,-0.018914799432530695,0.08663794145073998,-0.03327147705823908
Yxqppfa3,0.024265722986602876,0.0024452390393052545,-0.018914799432530695,0.08663794145073998,-0.03327147705823908
Z16jTUvP,0.024265722986602876,0.0024452390393052545,-0.018914799432530695,0.08663794145073998,-0.03327147705823908
Z2BdCCbJ,0.024265722986602876,0.0024452390393052545,-0.018914799432530695,0.08663794145073998,-0.03327147705823908
Z2JJMM6V,0.024265722986602876,0.0024452390393052545,-0.018914799432530695,0.08663794145073998,-0.03327147705823908
Z5jE1OB5,0.024265722986602876,0.0024452390393052545,-0.018914799432530695,0.08663794145073998,-0.03327147705823908
ZFsIqYxA,0.024265722986602876,0.0024452390393052545,-0.018914799432530695,0.08663794145073998,-0.03327147705823908
ZHDVsoRh,0.024265722986602876,0.0024452390393052545,-0.018914799432530695,0.08663794145073998,-0.03327147705823908
ZSmfu2Fc,0.024265722986602876,0.0024452390393052545,-0.018914799432530695,0.08663794145073998,-0.03327147705823908
ZU8YXF3H,0.024265722986602876,0.0024452390393052545,-0.018914799432530695,0.08663794145073998,-0.03327147705823908
ZXKaNy6Z,0.024265722986602876,0.0024452390393052545,-0.018914799432530695,0.08663794145073998,-0.03327147705823908
ZbYLo0zK,0.024265722986602876,0.0024452390393052545,-0.018914799432530695,0.08663794145073998,-0.03327147705823908
ZedN8Gcn,0.024265722986602876,0.0024452390393052545,-0.018914799432530695,0.08663794145073998,-0.03327147705823908
ZgD4Dau6,0.024265722986602876,0.0024452390393052545,-0.018914799432530695,0.08663794145073998,-0.03327147705823908
Zgzf79LA,0.024265722986602876,0.0024452390393052545,-0.018914799432530695,0.08663794145073998,-0.03327147705823908
ZjqzxDOF,0.024265722986602876,0.0024452390393052545,-0.018914799432530695,0.08663794145073998,-0.03327147705823908
ZsZ5aDpq,0.024265722986602876,0.0024452390393052545,-0.018914799432530695,0.08663794145073998,-0.03327147705823908
ZtyqE7If,0.024265722986602876,0.0024452390393052545,-0.018914799432530695,0.08663794145073998,-0.03327147705823908
ZvUgz01f,0.024265722986602876,0.0024452390393052545,-0.018914799432530695,0.08663794145073998,-0.03327147705823908
ZwrhgdQV,0.024265722986602876,0.0024452390393052545,-0.018914799432530695,0.08663794145073998,-0.03327147705823908
a7bhJGBU,0.024265722986602876,0.0024452390393052545,-0.018914799432530695,0.08663794145073998,-0.03327147705823908
aHpv6KzP,0.024265722986602876,0.0024452390393052545,-0.018914799432530695,0.08663794145073998,-0.03327147705823908
aINzEBVN,0.024265722986602876,0.0024452390393052545,-0.018914799432530695,0.08663794145073998,-0.03327147705823908
aP9EtTGF,0.024265722986602876,0.0024452390393052545,-0.018914799432530695,0.08663794145073998,-0.03327147705823908
aV6EhtSL,0.024265722986602876,0.0024452390393052545,-0.018914799432530695,0.08663794145073998,-0.03327147705823908
aVZsXKoH,0.024265722986602876,0.0024452390393052545,-0.018914799432530695,0.08663794145073998,-0.03327147705823908
aYVnVJvc,0.024265722986602876,0.0024452390393052545,-0.018914799432530695,0.08663794145073998,-0.03327147705823908
abCzN1zx,0.024265722986602876,0.0024452390393052545,-0.018914799432530695,0.08663794145073998,-0.03327147705823908
ae7sMiB4,0.024265722986602876,0.0024452390393052545,-0.018914799432530695,0.08663794145073998,-0.03327147705823908
afsVuCGV,0.024265722986602876,0.0024452390393052545,-0.018914799432530695,0.08663794145073998,-0.03327147705823908
aiwBQETI,0.024265722986602876,0.0024452390393052545,-0.018914799432530695,0.08663794145073998,-0.03327147705823908
aiyli4EI,0.024265722986602876,0.0024452390393052545,-0.018914799432530695,0.08663794145073998,-0.03327147705823908
apJ7NmzD,0.024265722986602876,0.0024452390393052545,-0.018914799432530695,0.08663794145073998,-0.03327147705823908
atVjNMtQ,0.024265722986602876,0.0024452390393052545,-0.018914799432530695,0.08663794145073998,-0.03327147705823908
b5GirVGV,0.024265722986602876,0.0024452390393052545,-0.018914799432530695,0.08663794145073998,-0.03327147705823908
b9SpMjNB,0.024265722986602876,0.0024452390393052545,-0.018914799432530695,0.08663794145073998,-0.03327147705823908
bAFs37yy,0.024265722986602876,0.0024452390393052545,-0.018914799432530695,0.08663794145073998,-0.03327147705823908
bDia1hHV,0.024265722986602876,0.0024452390393052545,-0.018914799432530695,0.08663794145073998,-0.03327147705823908
bFkv5Mtr,0.024265722986602876,0.0024452390393052545,-0.018914799432530695,0.08663794145073998,-0.03327147705823908
bHe2IXgA,0.024265722986602876,0.0024452390393052545,-0.018914799432530695,0.08663794145073998,-0.03327147705823908
bWX3vUm5,0.024265722986602876,0.0024452390393052545,-0.018914799432530695,0.08663794145073998,-0.03327147705823908
bat8tcGs,0.024265722986602876,0.0024452390393052545,-0.018914799432530695,0.08663794145073998,-0.03327147705823908
bfjej4wu,0.024265722986602876,0.0024452390393052545,-0.018914799432530695,0.08663794145073998,-0.03327147705823908
bh04YDiP,0.024265722986602876,0.0024452390393052545,-0.018914799432530695,0.08663794145073998,-0.03327147705823908
c110Fdc8,0.024265722986602876,0.0024452390393052545,-0.018914799432530695,0.08663794145073998,-0.03327147705823908
c32GUzMa,0.024265722986602876,0.0024452390393052545,-0.018914799432530695,0.08663794145073998,-0.03327147705823908
cT6uU0B0,0.024265722986602876,0.0024452390393052545,-0.018914799432530695,0.08663794145073998,-0.03327147705823908
cWXCiFwh,0.024265722986602876,0.0024452390393052545,-0.018914799432530695,0.08663794145073998,-0.03327147705823908
ceNvS3yd,0.024265722986602876,0.0024452390393052545,-0.018914799432530695,0.08663794145073998,-0.03327147705823908
cmwdt4Av,0.024265722986602876,0.0024452390393052545,-0.018914799432530695,0.08663794145073998,-0.03327147705823908
cn4EHsup,0.024265722986602876,0.0024452390393052545,-0.018914799432530695,0.08663794145073998,-0.03327147705823908
crVOGGTT,0.024265722986602876,0.0024452390393052545,-0.018914799432530695,0.08663794145073998,-0.03327147705823908
csPEJ1E5,0.024265722986602876,0.0024452390393052545,-0.018914799432530695,0.08663794145073998,-0.03327147705823908
d0UrRtMk,0.024265722986602876,0.0024452390393052545,-0.018914799432530695,0.08663794145073998,-0.03327147705823908
d6LU4G4I,0.024265722986602876,0.0024452390393052545,-0.018914799432530695,0.08663794145073998,-0.03327147705823908
d74T1DVv,0.024265722986602876,0.0024452390393052545,-0.018914799432530695,0.08663794145073998,-0.03327147705823908
dR6rM1tQ,0.024265722986602876,0.0024452390393052545,-0.018914799432530695,0.08663794145073998,-0.03327147705823908
dUNxOoqg,0.024265722986602876,0.0024452390393052545,-0.018914799432530695,0.08663794145073998,-0.03327147705823908
dUnlyhj7,0.024265722986602876,0.0024452390393052545,-0.018914799432530695,0.08663794145073998,-0.03327147705823908
dVDlnZQ6,0.024265722986602876,0.0024452390393052545,-0.018914799432530695,0.08663794145073998,-0.03327147705823908
dVT26GDu,0.024265722986602876,0.0024452390393052545,-0.018914799432530695,0.08663794145073998,-0.03327147705823908
de43ycXY,0.024265722986602876,0.0024452390393052545,-0.018914799432530695,0.08663794145073998,-0.03327147705823908
dfIn7m9z,0.024265722986602876,0.0024452390393052545,-0.018914799432530695,0.08663794145073998,-0.03327147705823908
dhmb9ZY9,0.024265722986602876,0.0024452390393052545,-0.018914799432530695,0.08663794145073998,-0.03327147705823908
dn8kCuyf,0.024265722986602876,0.0024452390393052545,-0.018914799432530695,0.08663794145073998,-0.03327147705823908
dpcquvWW,0.024265722986602876,0.0024452390393052545,-0.018914799432530695,0.08663794145073998,-0.03327147705823908
dqcbIMyr,0.024265722986602876,0.0024452390393052545,-0.018914799432530695,0.08663794145073998,-0.03327147705823908
drWgsBf5,0.024265722986602876,0.0024452390393052545,-0.018914799432530695,0.08663794145073998,-0.03327147705823908
dytx0HSe,0.024265722986602876,0.0024452390393052545,-0.018914799432530695,0.08663794145073998,-0.03327147705823908
e4KkkIha,0.024265722986602876,0.0024452390393052545,-0.018914799432530695,0.08663794145073998,-0.03327147705823908
e9YorH4m,0.024265722986602876,0.0024452390393052545,-0.018914799432530695,0.08663794145073998,-0.03327147705823908
eB9gVQ0R,0.024265722986602876,0.0024452390393052545,-0.018914799432530695,0.08663794145073998,-0.03327147705823908
eMhLFqU6,0.024265722986602876,0.0024452390393052545,-0.018914799432530695,0.08663794145073998,-0.03327147705823908
eMllg1qm,0.024265722986602876,0.0024452390393052545,-0.018914799432530695,0.08663794145073998,-0.03327147705823908
eNPunZ9i,0.024265722986602876,0.0024452390393052545,-0.018914799432530695,0.08663794145073998,-0.03327147705823908
eS5BSM4J,0.024265722986602876,0.0024452390393052545,-0.018914799432530695,0.08663794145073998,-0.03327147705823908
eVGMFoOI,0.024265722986602876,0.0024452390393052545,-0.018914799432530695,0.08663794145073998,-0.03327147705823908
eaIwb3rG,0.024265722986602876,0.0024452390393052545,-0.018914799432530695,0.08663794145073998,-0.03327147705823908
eyzw8Vis,0.024265722986602876,0.0024452390393052545,-0.018914799432530695,0.08663794145073998,-0.03327147705823908
f04Ke2bN,0.024265722986602876,0.0024452390393052545,-0.018914799432530695,0.08663794145073998,-0.03327147705823908
f4GA0te1,0.024265722986602876,0.0024452390393052545,-0.018914799432530695,0.08663794145073998,-0.03327147705823908
f7bd91h5,0.024265722986602876,0.0024452390393052545,-0.018914799432530695,0.08663794145073998,-0.03327147705823908
fB7z9ndr,0.024265722986602876,0.0024452390393052545,-0.018914799432530695,0.08663794145073998,-0.03327147705823908
fEe7AWFA,0.024265722986602876,0.0024452390393052545,-0.018914799432530695,0.08663794145073998,-0.03327147705823908
fJJIbgY9,0.024265722986602876,0.0024452390393052545,-0.018914799432530695,0.08663794145073998,-0.03327147705823908
fQBURMvg,0.024265722986602876,0.0024452390393052545,-0.018914799432530695,0.08663794145073998,-0.03327147705823908
fS0HpOub,0.024265722986602876,0.0024452390393052545,-0.018914799432530695,0.08663794145073998,-0.03327147705823908
fTDXauuk,0.024265722986602876,0.0024452390393052545,-0.018914799432530695,0.08663794145073998,-0.03327147705823908
favPNA2N,0.024265722986602876,0.0024452390393052545,-0.018914799432530695,0.08663794145073998,-0.03327147705823908
g3Fv0U4k,0.024265722986602876,0.0024452390393052545,-0.018914799432530695,0.08663794145073998,-0.03327147705823908
g5PKo2E2,0.024265722986602876,0.0024452390393052545,-0.018914799432530695,0.08663794145073998,-0.03327147705823908
gbjnD5fe,0.024265722986602876,0.0024452390393052545,-0.018914799432530695,0.08663794145073998,-0.03327147705823908
ge9zqXCv,0.024265722986602876,0.0024452390393052545,-0.018914799432530695,0.08663794145073998,-0.03327147705823908
geeqJpSE,0.024265722986602876,0.0024452390393052545,-0.018914799432530695,0.08663794145073998,-0.03327147705823908
gqy1J2RS,0.024265722986602876,0.0024452390393052545,-0.018914799432530695,0.08663794145073998,-0.03327147705823908
grlUtS3H,0.024265722986602876,0.0024452390393052545,-0.018914799432530695,0.08663794145073998,-0.03327147705823908
gx965KYj,0.024265722986602876,0.0024452390393052545,-0.018914799432530695,0.08663794145073998,-0.03327147705823908
h3F08Vjm,0.024265722986602876,0.0024452390393052545,-0.018914799432530695,0.08663794145073998,-0.03327147705823908
h6FQG8Iy,0.024265722986602876,0.0024452390393052545,-0.018914799432530695,0.08663794145073998,-0.03327147705823908
h7ftM8b3,0.024265722986602876,0.0024452390393052545,-0.018914799432530695,0.08663794145073998,-0.03327147705823908
hLrCHXZv,0.024265722986602876,0.0024452390393052545,-0.018914799432530695,0.08663794145073998,-0.03327147705823908
hQ6VBuFx,0.024265722986602876,0.0024452390393052545,-0.018914799432530695,0.08663794145073998,-0.03327147705823908
hYoR2y7w,0.024265722986602876,0.0024452390393052545,-0.018914799432530695,0.08663794145073998,-0.03327147705823908
hf65yZkM,0.024265722986602876,0.0024452390393052545,-0.018914799432530695,0.08663794145073998,-0.03327147705823908
hjuwe1x4,0.024265722986602876,0.0024452390393052545,-0.018914799432530695,0.08663794145073998,-0.03327147705823908
hyINlsFR,0.024265722986602876,0.0024452390393052545,-0.018914799432530695,0.08663794145073998,-0.03327147705823908
i0Qlm9Bv,0.024265722986602876,0.0024452390393052545,-0.018914799432530695,0.08663794145073998,-0.03327147705823908
i1VxfxMb,0.024265722986602876,0.0024452390393052545,-0.018914799432530695,0.08663794145073998,-0.03327147705823908
i2l6jXNP,0.024265722986602876,0.0024452390393052545,-0.018914799432530695,0.08663794145073998,-0.03327147705823908
i4FgPZv7,0.024265722986602876,0.0024452390393052545,-0.018914799432530695,0.08663794145073998,-0.03327147705823908
i7XtIkSi,0.024265722986602876,0.0024452390393052545,-0.018914799432530695,0.08663794145073998,-0.03327147705823908
i9z346Ut,0.024265722986602876,0.0024452390393052545,-0.018914799432530695,0.08663794145073998,-0.03327147705823908
iDOat4cZ,0.024265722986602876,0.0024452390393052545,-0.018914799432530695,0.08663794145073998,-0.03327147705823908
iNv6RoSO,0.024265722986602876,0.0024452390393052545,-0.018914799432530695,0.08663794145073998,-0.03327147705823908
iSL9NYzy,0.024265722986602876,0.0024452390393052545,-0.018914799432530695,0.08663794145073998,-0.03327147705823908
iSqVc1r8,0.024265722986602876,0.0024452390393052545,-0.018914799432530695,0.08663794145073998,-0.03327147705823908
iYZMftt6,0.024265722986602876,0.0024452390393052545,-0.018914799432530695,0.08663794145073998,-0.03327147705823908
ieTPaa3c,0.024265722986602876,0.0024452390393052545,-0.018914799432530695,0.08663794145073998,-0.03327147705823908
if7BmzU0,0.024265722986602876,0.0024452390393052545,-0.018914799432530695,0.08663794145073998,-0.03327147705823908
ihNz5bmx,0.024265722986602876,0.0024452390393052545,-0.018914799432530695,0.08663794145073998,-0.03327147705823908
ikJXKdIN,0.024265722986602876,0.0024452390393052545,-0.018914799432530695,0.08663794145073998,-0.03327147705823908
iq2kxikN,0.024265722986602876,0.0024452390393052545,-0.018914799432530695,0.08663794145073998,-0.03327147705823908
iuZEDJK7,0.024265722986602876,0.0024452390393052545,-0.018914799432530695,0.08663794145073998,-0.03327147705823908
iyF8gVT7,0.024265722986602876,0.0024452390393052545,-0.018914799432530695,0.08663794145073998,-0.03327147705823908
j06qdQ0V,0.024265722986602876,0.0024452390393052545,-0.018914799432530695,0.08663794145073998,-0.03327147705823908
j7hl8svO,0.024265722986602876,0.0024452390393052545,-0.018914799432530695,0.08663794145073998,-0.03327147705823908
j8hMoJUN,0.024265722986602876,0.0024452390393052545,-0.018914799432530695,0.08663794145073998,-0.03327147705823908
jNaFasbV,0.024265722986602876,0.0024452390393052545,-0.018914799432530695,0.08663794145073998,-0.03327147705823908
jVVHeYHT,0.024265722986602876,0.0024452390393052545,-0.018914799432530695,0.08663794145073998,-0.03327147705823908
jXm4ySvK,0.024265722986602876,0.0024452390393052545,-0.018914799432530695,0.08663794145073998,-0.03327147705823908
juO5ii5l,0.024265722986602876,0.0024452390393052545,-0.018914799432530695,0.08663794145073998,-0.03327147705823908
k2hdEBsU,0.024265722986602876,0.0024452390393052545,-0.018914799432530695,0.08663794145073998,-0.03327147705823908
k3ynMfhN,0.024265722986602876,0.0024452390393052545,-0.018914799432530695,0.08663794145073998,-0.03327147705823908
k9C9yBtr,0.024265722986602876,0.0024452390393052545,-0.018914799432530695,0.08663794145073998,-0.03327147705823908
kAKRvcRo,0.024265722986602876,0.0024452390393052545,-0.018914799432530695,0.08663794145073998,-0.03327147705823908
kBi3R2oC,0.024265722986602876,0.0024452390393052545,-0.018914799432530695,0.08663794145073998,-0.03327147705823908
kDWmnsXe,0.024265722986602876,0.0024452390393052545,-0.018914799432530695,0.08663794145073998,-0.03327147705823908
kSGBd2Vh,0.024265722986602876,0.0024452390393052545,-0.018914799432530695,0.08663794145073998,-0.03327147705823908
kT0miHPT,0.024265722986602876,0.0024452390393052545,-0.018914799432530695,0.08663794145073998,-0.03327147705823908
kaW0TfRn,0.024265722986602876,0.0024452390393052545,-0.018914799432530695,0.08663794145073998,-0.03327147705823908
kmg3SowO,0.024265722986602876,0.0024452390393052545,-0.018914799432530695,0.08663794145073998,-0.03327147705823908
kpxKSlnF,0.024265722986602876,0.0024452390393052545,-0.018914799432530695,0.08663794145073998,-0.03327147705823908
ku2cn1MV,0.024265722986602876,0.0024452390393052545,-0.018914799432530695,0.08663794145073998,-0.03327147705823908
l1su5HU9,0.024265722986602876,0.0024452390393052545,-0.018914799432530695,0.08663794145073998,-0.03327147705823908
l8Tg2RvD,0.024265722986602876,0.0024452390393052545,-0.018914799432530695,0.08663794145073998,-0.03327147705823908
lB6NsVOc,0.024265722986602876,0.0024452390393052545,-0.018914799432530695,0.08663794145073998,-0.03327147705823908
lEcdVyKk,0.024265722986602876,0.0024452390393052545,-0.018914799432530695,0.08663794145073998,-0.03327147705823908
lH4TasGl,0.024265722986602876,0.0024452390393052545,-0.018914799432530695,0.08663794145073998,-0.03327147705823908
lO9aggHW,0.024265722986602876,0.0024452390393052545,-0.018914799432530695,0.08663794145073998,-0.03327147705823908
lW3m9Vzu,0.024265722986602876,0.0024452390393052545,-0.018914799432530695,0.08663794145073998,-0.03327147705823908
lYLseGDP,0.024265722986602876,0.0024452390393052545,-0.018914799432530695,0.08663794145073998,-0.03327147705823908
lcOnCdZi,0.024265722986602876,0.0024452390393052545,-0.018914799432530695,0.08663794145073998,-0.03327147705823908
le9YGwON,0.024265722986602876,0.0024452390393052545,-0.018914799432530695,0.08663794145073998,-0.03327147705823908
llMvu3TX,0.024265722986602876,0.0024452390393052545,-0.018914799432530695,0.08663794145073998,-0.03327147705823908
lnHh2jFO,0.024265722986602876,0.0024452390393052545,-0.018914799432530695,0.08663794145073998,-0.03327147705823908
m07CVXd4,0.024265722986602876,0.0024452390393052545,-0.018914799432530695,0.08663794145073998,-0.03327147705823908
m1lPk91z,0.024265722986602876,0.0024452390393052545,-0.018914799432530695,0.08663794145073998,-0.03327147705823908
m9IQdmwa,0.024265722986602876,0.0024452390393052545,-0.018914799432530695,0.08663794145073998,-0.03327147705823908
mG9BRy5x,0.024265722986602876,0.0024452390393052545,-0.018914799432530695,0.08663794145073998,-0.03327147705823908
mVHXnama,0.024265722986602876,0.0024452390393052545,-0.018914799432530695,0.08663794145073998,-0.03327147705823908
mXyrR6nU,0.024265722986602876,0.0024452390393052545,-0.018914799432530695,0.08663794145073998,-0.03327147705823908
mbzNdxNc,0.024265722986602876,0.0024452390393052545,-0.018914799432530695,0.08663794145073998,-0.03327147705823908
mntH7g3L,0.024265722986602876,0.0024452390393052545,-0.018914799432530695,0.08663794145073998,-0.03327147705823908
msRTXP3H,0.024265722986602876,0.0024452390393052545,-0.018914799432530695,0.08663794145073998,-0.03327147705823908
mxBjvIPR,0.024265722986602876,0.0024452390393052545,-0.018914799432530695,0.08663794145073998,-0.03327147705823908
n8Opmfbz,0.024265722986602876,0.0024452390393052545,-0.018914799432530695,0.08663794145073998,-0.03327147705823908
nOkgU29Q,0.024265722986602876,0.0024452390393052545,-0.018914799432530695,0.08663794145073998,-0.03327147705823908
nhttf7VM,0.024265722986602876,0.0024452390393052545,-0.018914799432530695,0.08663794145073998,-0.03327147705823908
njLbXYa3,0.024265722986602876,0.0024452390393052545,-0.018914799432530695,0.08663794145073998,-0.03327147705823908
nwkIpzmh,0.024265722986602876,0.0024452390393052545,-0.018914799432530695,0.08663794145073998,-0.03327147705823908
nzB1R9Zg,0.024265722986602876,0.0024452390393052545,-0.018914799432530695,0.08663794145073998,-0.03327147705823908
o1rZRI84,0.024265722986602876,0.0024452390393052545,-0.018914799432530695,0.08663794145073998,-0.03327147705823908
o7q5Mbty,0.024265722986602876,0.0024452390393052545,-0.018914799432530695,0.08663794145073998,-0.03327147705823908
oCBvysqB,0.024265722986602876,0.0024452390393052545,-0.018914799432530695,0.08663794145073998,-0.03327147705823908
oDmycTPH,0.024265722986602876,0.0024452390393052545,-0.018914799432530695,0.08663794145073998,-0.03327147705823908
oFAXZvQv,0.024265722986602876,0.0024452390393052545,-0.018914799432530695,0.08663794145073998,-0.03327147705823908
oHE3M1zX,0.024265722986602876,0.0024452390393052545,-0.018914799432530695,0.08663794145073998,-0.03327147705823908
oMhVmSpV,0.024265722986602876,0.0024452390393052545,-0.018914799432530695,0.08663794145073998,-0.03327147705823908
oNsDqVbi,0.024265722986602876,0.0024452390393052545,-0.018914799432530695,0.08663794145073998,-0.03327147705823908
oYAJqQk8,0.024265722986602876,0.0024452390393052545,-0.018914799432530695,0.08663794145073998,-0.03327147705823908
ob5Kb6dW,0.024265722986602876,0.0024452390393052545,-0.018914799432530695,0.08663794145073998,-0.03327147705823908
obnzqs79,0.024265722986602876,0.0024452390393052545,-0.018914799432530695,0.08663794145073998,-0.03327147705823908
oncLcgRP,0.024265722986602876,0.0024452390393052545,-0.018914799432530695,0.08663794145073998,-0.03327147705823908
ooWVYaAe,0.024265722986602876,0.0024452390393052545,-0.018914799432530695,0.08663794145073998,-0.03327147705823908
osdyOUnV,0.024265722986602876,0.0024452390393052545,-0.018914799432530695,0.08663794145073998,-0.03327147705823908
p7H9CzCv,0.024265722986602876,0.0024452390393052545,-0.018914799432530695,0.08663794145073998,-0.03327147705823908
p7U9hVhY,0.024265722986602876,0.0024452390393052545,-0.018914799432530695,0.08663794145073998,-0.03327147705823908
pE6Cf1RV,0.024265722986602876,0.0024452390393052545,-0.018914799432530695,0.08663794145073998,-0.03327147705823908
pI7qzotI,0.024265722986602876,0.0024452390393052545,-0.018914799432530695,0.08663794145073998,-0.03327147705823908
pJrIA4sk,0.024265722986602876,0.0024452390393052545,-0.018914799432530695,0.08663794145073998,-0.03327147705823908
pXne2CLZ,0.024265722986602876,0.0024452390393052545,-0.018914799432530695,0.08663794145073998,-0.03327147705823908
pZMcDIOS,0.024265722986602876,0.0024452390393052545,-0.018914799432530695,0.08663794145073998,-0.03327147705823908
pavfp3cc,0.024265722986602876,0.0024452390393052545,-0.018914799432530695,0.08663794145073998,-0.03327147705823908
pbQdC5L3,0.024265722986602876,0.0024452390393052545,-0.018914799432530695,0.08663794145073998,-0.03327147705823908
pgj7aAFP,0.024265722986602876,0.0024452390393052545,-0.018914799432530695,0.08663794145073998,-0.03327147705823908
pxg8G3ed,0.024265722986602876,0.0024452390393052545,-0.018914799432530695,0.08663794145073998,-0.03327147705823908
q36Npk6l,0.024265722986602876,0.0024452390393052545,-0.018914799432530695,0.08663794145073998,-0.03327147705823908
q4aDOVvq,0.024265722986602876,0.0024452390393052545,-0.018914799432530695,0.08663794145073998,-0.03327147705823908
qGmfR9CN,0.024265722986602876,0.0024452390393052545,-0.018914799432530695,0.08663794145073998,-0.03327147705823908
qJ51ODpA,0.024265722986602876,0.0024452390393052545,-0.018914799432530695,0.08663794145073998,-0.03327147705823908
qQX3cs3I,0.024265722986602876,0.0024452390393052545,-0.018914799432530695,0.08663794145073998,-0.03327147705823908
qXeIxPb8,0.024265722986602876,0.0024452390393052545,-0.018914799432530695,0.08663794145073998,-0.03327147705823908
qYQ4MShM,0.024265722986602876,0.0024452390393052545,-0.018914799432530695,0.08663794145073998,-0.03327147705823908
qa0etnhK,0.024265722986602876,0.0024452390393052545,-0.018914799432530695,0.08663794145073998,-0.03327147705823908
qbL4sboq,0.024265722986602876,0.0024452390393052545,-0.018914799432530695,0.08663794145073998,-0.03327147705823908
qbYrsWHq,0.024265722986602876,0.0024452390393052545,-0.018914799432530695,0.08663794145073998,-0.03327147705823908
r1zmcUqQ,0.024265722986602876,0.0024452390393052545,-0.018914799432530695,0.08663794145073998,-0.03327147705823908
r54iHeQC,0.024265722986602876,0.0024452390393052545,-0.018914799432530695,0.08663794145073998,-0.03327147705823908
r6xrAnQV,0.024265722986602876,0.0024452390393052545,-0.018914799432530695,0.08663794145073998,-0.03327147705823908
r9HxnQDg,0.024265722986602876,0.0024452390393052545,-0.018914799432530695,0.08663794145073998,-0.03327147705823908
rG8Puuf9,0.024265722986602876,0.0024452390393052545,-0.018914799432530695,0.08663794145073998,-0.03327147705823908
rGuiefuR,0.024265722986602876,0.0024452390393052545,-0.018914799432530695,0.08663794145073998,-0.03327147705823908
rJ19OhGP,0.024265722986602876,0.0024452390393052545,-0.018914799432530695,0.08663794145073998,-0.03327147705823908
rOCYepHd,0.024265722986602876,0.0024452390393052545,-0.018914799432530695,0.08663794145073998,-0.03327147705823908
rQJaOPFI,0.024265722986602876,0.0024452390393052545,-0.018914799432530695,0.08663794145073998,-0.03327147705823908
rQhZtZeh,0.024265722986602876,0.0024452390393052545,-0.018914799432530695,0.08663794145073998,-0.03327147705823908
rapmok0w,0.024265722986602876,0.0024452390393052545,-0.018914799432530695,0.08663794145073998,-0.03327147705823908
rgzfnPVu,0.024265722986602876,0.0024452390393052545,-0.018914799432530695,0.08663794145073998,-0.03327147705823908
ri4qhb1S,0.024265722986602876,0.0024452390393052545,-0.018914799432530695,0.08663794145073998,-0.03327147705823908
rqpFYzff,0.024265722986602876,0.0024452390393052545,-0.018914799432530695,0.08663794145073998,-0.03327147705823908
rrs22coX,0.024265722986602876,0.0024452390393052545,-0.018914799432530695,0.08663794145073998,-0.03327147705823908
sEeUCQLc,0.024265722986602876,0.0024452390393052545,-0.018914799432530695,0.08663794145073998,-0.03327147705823908
sHScwqQl,0.024265722986602876,0.0024452390393052545,-0.018914799432530695,0.08663794145073998,-0.03327147705823908
sNC7DiAt,0.024265722986602876,0.0024452390393052545,-0.018914799432530695,0.08663794145073998,-0.03327147705823908
sNK2TSs3,0.024265722986602876,0.0024452390393052545,-0.018914799432530695,0.08663794145073998,-0.03327147705823908
sO7Su6uw,0.024265722986602876,0.0024452390393052545,-0.018914799432530695,0.08663794145073998,-0.03327147705823908
sOWZx89o,0.024265722986602876,0.0024452390393052545,-0.018914799432530695,0.08663794145073998,-0.03327147705823908
sPbRcPjC,0.024265722986602876,0.0024452390393052545,-0.018914799432530695,0.08663794145073998,-0.03327147705823908
scVUfTKI,0.024265722986602876,0.0024452390393052545,-0.018914799432530695,0.08663794145073998,-0.03327147705823908
seRaGeVv,0.024265722986602876,0.0024452390393052545,-0.018914799432530695,0.08663794145073998,-0.03327147705823908
sgtwiYWi,0.024265722986602876,0.0024452390393052545,-0.018914799432530695,0.08663794145073998,-0.03327147705823908
sjmLHcT6,0.024265722986602876,0.0024452390393052545,-0.018914799432530695,0.08663794145073998,-0.03327147705823908
skZUZZGS,0.024265722986602876,0.0024452390393052545,-0.018914799432530695,0.08663794145073998,-0.03327147705823908
suAmzADX,0.024265722986602876,0.0024452390393052545,-0.018914799432530695,0.08663794145073998,-0.03327147705823908
t4GWLqlO,0.024265722986602876,0.0024452390393052545,-0.018914799432530695,0.08663794145073998,-0.03327147705823908
t7gy6Jyy,0.024265722986602876,0.0024452390393052545,-0.018914799432530695,0.08663794145073998,-0.03327147705823908
tBadzH60,0.024265722986602876,0.0024452390393052545,-0.018914799432530695,0.08663794145073998,-0.03327147705823908
tXUWm0hp,0.024265722986602876,0.0024452390393052545,-0.018914799432530695,0.08663794145073998,-0.03327147705823908
te6UPPxf,0.024265722986602876,0.0024452390393052545,-0.018914799432530695,0.08663794145073998,-0.03327147705823908
ti2lamkL,0.024265722986602876,0.0024452390393052545,-0.018914799432530695,0.08663794145073998,-0.03327147705823908
tr0lpwuU,0.024265722986602876,0.0024452390393052545,-0.018914799432530695,0.08663794145073998,-0.03327147705823908
ttdB5C73,0.024265722986602876,0.0024452390393052545,-0.018914799432530695,0.08663794145073998,-0.03327147705823908
twS8YZu9,0.024265722986602876,0.0024452390393052545,-0.018914799432530695,0.08663794145073998,-0.03327147705823908
tx68W34H,0.024265722986602876,0.0024452390393052545,-0.018914799432530695,0.08663794145073998,-0.03327147705823908
tyQSX4mY,0.024265722986602876,0.0024452390393052545,-0.018914799432530695,0.08663794145073998,-0.03327147705823908
tylKCRc0,0.024265722986602876,0.0024452390393052545,-0.018914799432530695,0.08663794145073998,-0.03327147705823908
u1544WUo,0.024265722986602876,0.0024452390393052545,-0.018914799432530695,0.08663794145073998,-0.03327147705823908
uAw9an0d,0.024265722986602876,0.0024452390393052545,-0.018914799432530695,0.08663794145073998,-0.03327147705823908
uLZAEXMG,0.024265722986602876,0.0024452390393052545,-0.018914799432530695,0.08663794145073998,-0.03327147705823908
uMwe1s7I,0.024265722986602876,0.0024452390393052545,-0.018914799432530695,0.08663794145073998,-0.03327147705823908
ufhGeV3q,0.024265722986602876,0.0024452390393052545,-0.018914799432530695,0.08663794145073998,-0.03327147705823908
uhAeGBHo,0.024265722986602876,0.0024452390393052545,-0.018914799432530695,0.08663794145073998,-0.03327147705823908
ujHNlqpw,0.024265722986602876,0.0024452390393052545,-0.018914799432530695,0.08663794145073998,-0.03327147705823908
ulV6kuhB,0.024265722986602876,0.0024452390393052545,-0.018914799432530695,0.08663794145073998,-0.03327147705823908
uohEnNEK,0.024265722986602876,0.0024452390393052545,-0.018914799432530695,0.08663794145073998,-0.03327147705823908
v1lhA8I4,0.024265722986602876,0.0024452390393052545,-0.018914799432530695,0.08663794145073998,-0.03327147705823908
v3JzigLI,0.024265722986602876,0.0024452390393052545,-0.018914799432530695,0.08663794145073998,-0.03327147705823908
v5IwjyIg,0.024265722986602876,0.0024452390393052545,-0.018914799432530695,0.08663794145073998,-0.03327147705823908
v6lp5TK1,0.024265722986602876,0.0024452390393052545,-0.018914799432530695,0.08663794145073998,-0.03327147705823908
v8vOaaWq,0.024265722986602876,0.0024452390393052545,-0.018914799432530695,0.08663794145073998,-0.03327147705823908
vAYKtoil,0.024265722986602876,0.0024452390393052545,-0.018914799432530695,0.08663794145073998,-0.03327147705823908
vGTNQa6G,0.024265722986602876,0.0024452390393052545,-0.018914799432530695,0.08663794145073998,-0.03327147705823908
vQzNxHoL,0.024265722986602876,0.0024452390393052545,-0.018914799432530695,0.08663794145073998,-0.03327147705823908
vfZGBUJm,0.024265722986602876,0.0024452390393052545,-0.018914799432530695,0.08663794145073998,-0.03327147705823908
vlooVUoT,0.024265722986602876,0.0024452390393052545,-0.018914799432530695,0.08663794145073998,-0.03327147705823908
vrACvd4O,0.024265722986602876,0.0024452390393052545,-0.018914799432530695,0.08663794145073998,-0.03327147705823908
w8hdjLwb,0.024265722986602876,0.0024452390393052545,-0.018914799432530695,0.08663794145073998,-0.03327147705823908
wAntv4gH,0.024265722986602876,0.0024452390393052545,-0.018914799432530695,0.08663794145073998,-0.03327147705823908
wIUL09q0,0.024265722986602876,0.0024452390393052545,-0.018914799432530695,0.08663794145073998,-0.03327147705823908
wOzx7Fgz,0.024265722986602876,0.0024452390393052545,-0.018914799432530695,0.08663794145073998,-0.03327147705823908
wPhjhCJQ,0.024265722986602876,0.0024452390393052545,-0.018914799432530695,0.08663794145073998,-0.03327147705823908
wQSWWmYB,0.024265722986602876,0.0024452390393052545,-0.018914799432530695,0.08663794145073998,-0.03327147705823908
wdIMrXwy,0.024265722986602876,0.0024452390393052545,-0.018914799432530695,0.08663794145073998,-0.03327147705823908
wiL9npQc,0.024265722986602876,0.0024452390393052545,-0.018914799432530695,0.08663794145073998,-0.03327147705823908
wnU95Cxn,0.024265722986602876,0.0024452390393052545,-0.018914799432530695,0.08663794145073998,-0.03327147705823908
wpJbbjJs,0.024265722986602876,0.0024452390393052545,-0.018914799432530695,0.08663794145073998,-0.03327147705823908
wsOWTAbI,0.024265722986602876,0.0024452390393052545,-0.018914799432530695,0.08663794145073998,-0.03327147705823908
wtdBcU3U,0.024265722986602876,0.0024452390393052545,-0.018914799432530695,0.08663794145073998,-0.03327147705823908
wuKXVxOc,0.024265722986602876,0.0024452390393052545,-0.018914799432530695,0.08663794145073998,-0.03327147705823908
wyzadAt8,0.024265722986602876,0.0024452390393052545,-0.018914799432530695,0.08663794145073998,-0.03327147705823908
wzaKzYwi,0.024265722986602876,0.0024452390393052545,-0.018914799432530695,0.08663794145073998,-0.03327147705823908
x6GCk4EV,0.024265722986602876,0.0024452390393052545,-0.018914799432530695,0.08663794145073998,-0.03327147705823908
x6lUi3vf,0.024265722986602876,0.0024452390393052545,-0.018914799432530695,0.08663794145073998,-0.03327147705823908
x8mwDHv9,0.024265722986602876,0.0024452390393052545,-0.018914799432530695,0.08663794145073998,-0.03327147705823908
xIYm6puH,0.024265722986602876,0.0024452390393052545,-0.018914799432530695,0.08663794145073998,-0.03327147705823908
xO6UdpsK,0.024265722986602876,0.0024452390393052545,-0.018914799432530695,0.08663794145073998,-0.03327147705823908
xQ2bkOvj,0.024265722986602876,0.0024452390393052545,-0.018914799432530695,0.08663794145073998,-0.03327147705823908
xeXyDCEQ,0.024265722986602876,0.0024452390393052545,-0.018914799432530695,0.08663794145073998,-0.03327147705823908
xrggHziO,0.024265722986602876,0.0024452390393052545,-0.018914799432530695,0.08663794145073998,-0.03327147705823908
y1WMCmqQ,0.024265722986602876,0.0024452390393052545,-0.018914799432530695,0.08663794145073998,-0.03327147705823908
yDngezhM,0.024265722986602876,0.0024452390393052545,-0.018914799432530695,0.08663794145073998,-0.03327147705823908
yLiFjMD0,0.024265722986602876,0.0024452390393052545,-0.018914799432530695,0.08663794145073998,-0.03327147705823908
ySwEBO7w,0.024265722986602876,0.0024452390393052545,-0.018914799432530695,0.08663794145073998,-0.03327147705823908
ydC9UsSm,0.024265722986602876,0.0024452390393052545,-0.018914799432530695,0.08663794145073998,-0.03327147705823908
ydEG4VBd,0.024265722986602876,0.0024452390393052545,-0.018914799432530695,0.08663794145073998,-0.03327147705823908
yf76yWXc,0.024265722986602876,0.0024452390393052545,-0.018914799432530695,0.08663794145073998,-0.03327147705823908
yg70e63n,0.024265722986602876,0.0024452390393052545,-0.018914799432530695,0.08663794145073998,-0.03327147705823908
ywxtlSKv,0.024265722986602876,0.0024452390393052545,-0.018914799432530695,0.08663794145073998,-0.03327147705823908
yzKPQPOR,0.024265722986602876,0.0024452390393052545,-0.018914799432530695,0.08663794145073998,-0.03327147705823908
z5cnOnZ1,0.024265722986602876,0.0024452390393052545,-0.018914799432530695,0.08663794145073998,-0.03327147705823908
zFLkOE0e,0.024265722986602876,0.0024452390393052545,-0.018914799432530695,0.08663794145073998,-0.03327147705823908
zGi72mxL,0.024265722986602876,0.0024452390393052545,-0.018914799432530695,0.08663794145073998,-0.03327147705823908
zN925UV3,0.024265722986602876,0.0024452390393052545,-0.018914799432530695,0.08663794145073998,-0.03327147705823908
zTy2ih7e,0.024265722986602876,0.0024452390393052545,-0.018914799432530695,0.08663794145073998,-0.03327147705823908
zVFzAutw,0.024265722986602876,0.0024452390393052545,-0.018914799432530695,0.08663794145073998,-0.03327147705823908
zYxNAkht,0.024265722986602876,0.0024452390393052545,-0.018914799432530695,0.08663794145073998,-0.03327147705823908
zaWDBai3,0.024265722986602876,0.0024452390393052545,-0.018914799432530695,0.08663794145073998,-0.03327147705823908
zg3u0Zsx,0.024265722986602876,0.0024452390393052545,-0.018914799432530695,0.08663794145073998,-0.03327147705823908
zlwLfdsS,0.024265722986602876,0.0024452390393052545,-0.018914799432530695,0.08663794145073998,-0.03327147705823908
zmbKzVfl,0.024265722986602876,0.0024452390393052545,-0.018914799432530695,0.08663794145073998,-0.03327147705823908
